strain,antisigma,t_statistic,df,p_value,mean_diff,fold_diff,significance
GFC0709,PpcaU-AS20_t1,40.914216927262856,5.461197289654481,5.2559497503268375e-8,2.2856169098430525,193.02648836454165,***
GFC0711,PpcaU-As31_t1,-52.8392360619486,7.11949173282936,1.6785560600923523e-10,0.1701612579042489,1.4796576979483331,***
GFC0737,PpcaU-AS22_t,1.604441943578045,7,0.15265148838840703,0.040477357076320525,1.0976840585442333,ns
